pathway,pval,padj,log2err,ES,NES,size,leadingEdge
HALLMARK_ADIPOGENESIS,0.000221873323320501,0.000504257553001138,0.518848077743792,0.340428158152241,1.59797208465937,187,OMD;BCL6;ABCA1;CYP4B1;CD302;ACADL;IFNGR1;STOM;TOB1;LIFR;CDKN2C;RREB1;SLC1A5;CAT;PLIN2;ANGPT1;IDH1;PPP1R15B;MRAP;C3;ATP1B3;HSPB8;STAT5A;DRAM2;SORBS1;ARL4A;LPL;NABP1;TANK;SSPN;CHUK;HIBCH;DECR1;PPM1B;ALDH2;FZD4;SOWAHC;ACAA2;GPAM;CMBL;DHRS7;SCP2;PGM1;ADIPOR2;ACADM;PDCD4;PFKFB3;ITGA7;SLC25A1;ANGPTL4;MAP4K3;HADH;ATL2;PRDX3;RAB34
HALLMARK_ALLOGRAFT_REJECTION,3.94326522853446e-21,6.57210871422409e-20,1.18665095279281,0.587014024658173,2.73704000157968,182,IL18;MMP9;TLR2;HCLS1;IL2RG;SRGN;PTPRC;CD86;FCGR2B;EGFR;CTSS;FGR;IRF8;CD4;IFNGR1;HLA-DMB;HLA-DRA;NCF4;HLA-DQA1;F2R;TGFB1;TGFB2;TLR6;ITGB2;CCR1;RIPK2;CSF1;LY75;HIF1A;TLR1;NCK1;IL9;IL18RAP;IL4R;IRF7;ELF4;GPR65;TIMP1;PTPN6;LY86;SPI1;CD40;MAP3K7;C2;CD74;WAS;CCR2;CCR5;JAK2;INHBB;STAB1;IL15;IKBKB;BCL10;PF4;HLA-DMA;TAP1;FAS;CDKN2A;GALNT1;RPL3L;ITGAL;RPS3A;IL12A;B2M;HLA-E;LYN;CAPG;IGSF6;LCP2;CD28;ABI1;CCL2;CD2;GBP2;CXCL13;TLR3;DYRK3;LCK;IL6;CCND3;HLA-DOA;KLRD1;ICAM1;BCL3;RPL39;FASLG;CD7;IRF4
HALLMARK_ANDROGEN_RESPONSE,7.62933944563772e-07,1.90733486140943e-06,0.659444398037935,0.490891581046008,2.04798407439704,93,SLC38A2;FKBP5;MAF;SLC26A2;AZGP1;GNAI3;MYL12A;MERTK;ABCC4;LIFR;KRT19;SGK1;TNFAIP8;BMPR1B;STEAP4;ITGAV;IQGAP2;HPGD;LMAN1;PTPN21;B4GALT1;ZBTB10;PDLIM5;ELK4;DBI;INPP4B;SAT1;UBE2J1
HALLMARK_ANGIOGENESIS,0.00658034337874687,0.010613457062495,0.407017918923954,0.500085921319982,1.71354304042511,33,MSX1;S100A4;CXCL6;VCAN;SERPINA5;ITGAV;FSTL1;TIMP1;LPL;PF4;VEGFA;JAG1;SPP1;COL3A1;LUM;THBD;NRP1;STC1;KCNJ8
HALLMARK_APICAL_JUNCTION,0.132637853949329,0.157902207082535,0.14641623786055,0.249171610838399,1.16708670007195,185,MMP9;TNFRSF11B;ALOX15B;MPZL2;PTPRC;CD86;ITGA10;EGFR;DSC3;VCAN;ARHGEF6;SYK;VASP;PARD6G;ICAM2;CLDN7;VCAM1;CD209;B4GALT1;CD34;ITGB4;INPPL1;TIAL1;RAC2;CNN2;LAMA3;SGCE;CLDN18;ITGB1;VWF;NEXN;MAPK14;MPZL1;CLDN15;ICAM1;WNK4;MSN;IRS1;PLCG1;CDH11;MMP2;CDH1;BMP1;HADH;PARVA
HALLMARK_APICAL_SURFACE,0.0874125874125874,0.112067419759727,0.199915231309662,0.374653538547519,1.35052675136896,42,GAS1;IL2RG;HSPB1;PLAUR;B4GALT1;EPHB4;GATA3;SRPX;LYN;LYPD3;GSTM3;ADIPOR2;SLC2A4
HALLMARK_APOPTOSIS,2.31177854451838e-10,9.63241060215992e-10,0.826657301178302,0.484993059163741,2.2231767449372,158,IL18;TGFBR3;DCN;CDK2;CASP4;CASP1;CASP7;RELA;IFNGR1;CASP6;BCL2L11;BIRC3;F2R;TGFB2;CD14;TXNIP;HSPB1;TIMP3;BMF;WEE1;GADD45B;HGF;CASP8;CLU;DNAJC3;ROCK1;PDGFRB;IRF1;KRT18;TIMP1;IFITM3;EMP1;MCL1;TNFRSF12A;SAT1;BCL10;HMOX1;ERBB2;TAP1;FAS;NEDD9;ANXA1;DPYD;LEF1;IGF2R;LGALS3;HMGB2;CD2;TSPO;CAV1;IL6;BCL2L10;CDKN1A;CDKN1B;PDCD4;BID;GUCY2D;CFLAR;FASLG;TOP2A;CREBBP;CD69;BTG3;MMP2;BIK;BTG2;SMAD7;CASP2;CD44;BCL2L1
HALLMARK_BILE_ACID_METABOLISM,0.0690737833594976,0.0924492604059168,0.213927855492356,0.304909561902507,1.30715022833068,106,ABCA1;NEDD4;BMP6;CYP39A1;SULT1B1;PEX12;BCAR3;CAT;IDH1;HSD17B4;PEX11A;ACSL5;BBOX1;RXRA;ABCA6;ALDH9A1;PNPLA8;NR3C2;HSD17B11;HSD3B7;AQP9;ABCA9;PXMP2;ISOC1;SCP2;LCK;RXRG;KLF1;ABCD3;DIO1;SLC27A2;TTR;PEX13;CH25H
HALLMARK_CHOLESTEROL_HOMEOSTASIS,0.0702614379084967,0.0924492604059168,0.216542836735348,0.332092066329678,1.33385570598779,72,PNRC1;NFIL3;ANTXR2;TP53INP1;S100A11;GPX8;GSTM2;ANXA5;HSD17B7;CXCL16;PLAUR;CLU;PLSCR1;LPL;TNFRSF12A;ERRFI1
HALLMARK_COAGULATION,4.06852582332211e-09,1.56481762435466e-08,0.761460801445585,0.506985714848819,2.22507279963507,119,MMP9;CAPN2;CFH;MAFF;SERPINA1;C1QA;F10;CPQ;ANG;GNG12;PROS1;PLEK;TIMP3;CTSK;ACOX2;PRSS23;SPARC;CLU;C1S;CFI;LTA4H;FYN;C3;TIMP1;CFD;C1R;MMP14;C2;SERPING1;CFB;PF4;MMP8;ANXA1;CSRP1;TFPI2;CTSH;VWF;APOC2;KLKB1;F11;MMP2;MEP1A;BMP1;SERPINC1;ADAM9;RAPGEF3;LAMP2;TMPRSS6;GSN;F3;P2RY1;THBD
HALLMARK_COMPLEMENT,1.0432234205315e-16,7.45159586093932e-16,1.05746357275086,0.530388938801009,2.49799020983829,193,S100A12;CFH;S100A9;CASP4;MAFF;FCER1G;CASP1;CASP7;PRCP;GNAI3;SERPINA1;CTSS;C1QA;TNFAIP3;KLK1;F10;CPQ;ANG;C1QC;CR1;PLEK;CTSC;ANXA5;IRF2;CP;PIK3R5;HSPA1A;F5;PLAUR;ITGAM;CD59;CLU;C1S;CXCL1;LTA4H;FYN;IRF7;IRF1;C3;PLSCR1;TIMP1;C1R;MMP14;CEBPB;C2;FCN1;WAS;SERPING1;CDA;APOBEC3G;JAK2;PHEX;CFB;PIM1;PIK3CA;KYNU;GATA3;GZMK;PIK3CG;MMP8;ADRA2B;RAF1;CASP5;LGALS3;LYN;CSRP1;LCP2;TFPI2;APOBEC3F;CTSH;CD55;LCK;IL6
HALLMARK_DNA_REPAIR,0.894578313253012,0.894578313253012,0.037770500132479,0.177329113667546,0.80508768371599,145,HCLS1;AK3;SMAD5;PNP;POLA1;PCNA;NUDT9;RAD52;CDA;SDCBP;RFC4;TAF12;NCBP2;DAD1;ERCC4;AK1;GTF2B;POLD1;RAE1;ERCC5;CSTF3;POLR2J;POLR2H;SEC61A1;DDB2
HALLMARK_E2F_TARGETS,1.43199614784057e-05,3.40951463771565e-05,0.593325476396405,0.374340080826421,1.76304177679185,193,UNG;GSPT1;XPO1;CDKN2C;WEE1;CHEK2;MTHFD2;MYC;TIMELESS;DEK;ATAD2;PCNA;DONSON;TMPO;PPM1D;MMS22L;CKS2;EED;DIAPH3;EZH2;LBR;RAD21;PRIM2;SRSF1;BARD1;ASF1A;CDKN2A;SYNCRIP;NUP205;PAN2;STAG1;CTCF;LYAR;NAA38;SMC3;SMC6;RBBP7;HMGB2;PAICS;MCM3;MELK;PDS5B;CDKN1A;CDKN1B;BRCA2;SMC4;POLD1;CKS1B;SHMT1;TOP2A;ASF1B;MKI67;USP1;CHEK1;CCP110;DCLRE1B;NAP1L1;CDC25A;HNRNPD;DDX39A;HUS1;PTTG1;TFRC;PPP1R8;POLD3;IPO7;MCM5;NBN;TACC3;CIT;UBR7;RFC1;LUC7L3;PLK1;CDK1;ANP32E;CDK4;RACGAP1;ORC2;RRM2;LMNB1;TP53;DUT;MYBL2
HALLMARK_EPITHELIAL_MESENCHYMAL_TRANSITION,2.0848480598002e-22,1.0424240299001e-20,1.22950405660873,0.58224959976882,2.7376256983615,191,TGFBR3;GAS1;TNFRSF11B;DCN;FBLN1;PLOD2;PCOLCE;GEM;GJA1;MSX1;ANPEP;EMP3;CXCL6;VCAN;COL1A2;FMOD;LAMA2;TNFAIP3;FGF2;COLGALT1;MFAP5;TGFB1;NOTCH2;TIMP3;FERMT2;ECM2;ITGAV;VIM;GADD45B;PRRX1;PLAUR;CD59;SPARC;ABI3BP;VCAM1;OXTR;CXCL1;FSTL1;FOXC2;ADAM12;PLOD1;PDGFRB;COL1A1;SERPINH1;CDH2;COL6A3;DAB2;TIMP1;MMP14;ITGB5;SGCD;MGP;COL8A2;TNFRSF12A;IL15;CALD1;SAT1;FBLN5;COL11A1;IGFBP3;SNAI2;PDLIM4;LAMA3;WNT5A;FAS;LOXL2;CADM1;DKK1;CAPG;MATN3;TFPI2;COL6A2;GLIPR1;ID2;ITGB1;VEGFA;COL5A1;IL6;ITGA5;LAMC1;FAP;SDC4;SPP1;SNTB1;SERPINE2;FZD8;COL3A1;LAMA1;CDH11;EFEMP2
HALLMARK_ESTROGEN_RESPONSE_EARLY,5.26579145676438e-09,1.88063980598728e-08,0.761460801445585,0.441919798756468,2.08181209903617,192,IL17RB;FKBP5;SLC7A2;MLPH;TPD52L1;SLC26A2;AFF1;GJA1;ELF1;FOXC1;BCL2;RHOBTB3;CHPT1;TOB1;THSD4;DHRS3;SCNN1A;SLC16A1;MICB;IGF1R;KRT19;TSKU;TFAP2C;PRSS23;MYC;TIPARP;PAPSS2;CLDN7;MED13L;KLF4;CELSR1;KRT18;B4GALT1;STC2;HSPB8;WFS1;PEX11A;RAB31;IL6ST;MUC1;PGR;TGIF2;ADD3;JAK2;CLIC3;INHBB;MYOF;TFF3;HES1;OLFML3;RHOD;SLC2A1;TJP3;NXT1;LRIG1;PODXL;CISH
HALLMARK_ESTROGEN_RESPONSE_LATE,4.08225101755027e-07,1.13395861598619e-06,0.674962860011025,0.41576596066624,1.95089251663446,189,IL17RB;FKBP5;S100A9;TPD52L1;SLC26A2;AFF1;FOXC1;SERPINA1;BCL2;PERP;CHPT1;TOB1;SCNN1A;SLC16A1;ALDH3A2;MICB;KRT19;SGK1;ACOX2;TFAP2C;PRSS23;SERPINA5;ST6GALNAC2;PAPSS2;KLF4;PTPN6;HSPB8;WFS1;RAB31;IL6ST;PGR;ADD3;JAK2;CLIC3;MYOF;TFF3;BATF;ASCL1;UGDH;ZFP36;TJP3;NXT1;CPE;DNAJC1;IMPA2;CISH;PRLR;SERPINA3;CDC6;TFPI2;ID2;CAV1;TNNC1;GAL;PDCD4;TOP2A;FOS;BTG3;CDH1;ELOVL5;FKBP4;EMP2;TMPRSS3;SLC27A2;CD44
HALLMARK_FATTY_ACID_METABOLISM,0.150074294205052,0.170538970687559,0.136490437780413,0.257311167307545,1.17400928253758,150,VNN1;ADH1C;ACADL;PPARA;S100A10;ALDH3A2;G0S2;HSD17B7;BMPR1B;ECI2;HPGD;GLUL;IDH1;HSD17B4;EPHX1;ACSL5;SUCLG2;SDHD;MAOA;HIBCH;DECR1;UGDH;HADHB;PCBD1;ALDH9A1;ACAA2;HSPH1;HSD17B11;BCKDHB;PRDX6;FMO1;OSTC;ADIPOR2;CRYZ;ACADM;INMT;ETFDH;ELOVL5;HADH;CPT1A;PTPRG;CD1D;ACSS1;HSP90AA1;PSME1
HALLMARK_G2M_CHECKPOINT,3.62636922829987e-08,1.20878974276662e-07,0.719512826338911,0.433561176314325,2.03439274590795,189,HOXC10;G3BP1;MT2A;GSPT1;XPO1;CDKN2C;TGFB1;CCNA2;NOTCH2;PRPF4B;FBXO5;MYC;HIF1A;TMPO;RBL1;CKS2;SRSF10;EZH2;LBR;SS18;TOP1;FANCC;KATNA1;TLE3;SAP30;RAD21;PRIM2;UBE2C;SRSF1;BUB3;BARD1;DBF4;SYNCRIP;STAG1;CTCF;CDC6;DMD;KIF5B;CCNT1;MCM3;ARID4A;MAPK14;PDS5B;E2F4;KIF15;CDKN1B;BRCA2;SMC4;NUP98;BCL3;CKS1B;CASP8AP2;TOP2A;DTYMK;MKI67;CHEK1;MEIS2;AMD1;CDC25A;SLC7A1;HNRNPD;DDX39A;NUSAP1;DR1;CUL1;HUS1;PTTG1;FOXN3;CUL4A;WRN;CDC45;MCM5;CENPA;RPS6KA5;PML;TACC3;DKC1;RBM14;PLK1;CDK1;ATRX;TROAP;CDK4;KIF11;UPF1;RACGAP1;PURA;CCND1;LMNB1;EXO1;MYBL2
HALLMARK_GLYCOLYSIS,0.00565412438342681,0.00942354063904468,0.407017918923954,0.311181294058869,1.46592432560933,192,DDIT4;PKP2;MXI1;ALDOB;CXCR4;DCN;PLOD2;GPC4;P4HA1;EGFR;PYGL;VCAN;CASP6;AK3;DSC2;HK2;B4GALT4;MERTK;SDC2;ANG;P4HA2;GPC3;IL13RA1;GYS2;PGM2;IDH1;SOX9;PLOD1;KDELR3;IRS2;B4GALT1;STC2;AK4;ADORA2B;TFF3;CHST4;SAP30;IGFBP3;ALDH9A1;COG2;PHKA2;SLC16A3;EGLN3;ZNF292
HALLMARK_HEDGEHOG_SIGNALING,0.204007285974499,0.221747049972282,0.128788713061714,0.346659325525711,1.19462820379128,35,GLI1;NKX6-1;TLE1;CELSR1;OPHN1;TLE3;PTCH1;VEGFA;AMOT;NRP2;HEY2;CNTFR;NRP1;PML
HALLMARK_HEME_METABOLISM,0.0214200108326757,0.0306000154752511,0.352487857583619,0.289998477968502,1.35810779443085,184,MXI1;TAL1;NFE2;BACH1;RNF19A;GYPC;CLIC2;SLC30A1;SMOX;P4HA2;EPOR;CAT;SLC7A11;KAT2B;SELENBP1;LRP10;C3;KLF3;GYPA;HDGF;SDCBP;TCEA1;ALDH1L1;MFHAS1;MOSPD1;TOP1;ACP5;ATG4A;KHNYN;SLC2A1;DCAF10;SEC14L1;RHD;ALDH6A1;TNRC6B;ADIPOR1;RBM38;CCND3;DAAM1;ARHGEF12;FOXO3;DCUN1D1;CAST;HEBP1;CIR1;KLF1;BTG2;USP15;AQP3;VEZF1;NEK7;ERMAP;CTNS;LAMP2;TFRC;RIOK3;SLC6A9;TFDP2;MINPP1;EPB41
HALLMARK_HYPOXIA,5.51771059023594e-15,3.44856911889746e-14,0.996986217533181,0.52087981774094,2.44501339939174,187,HOXB9;PNRC1;DDIT4;MT1E;NFIL3;MXI1;ALDOB;MT2A;CXCR4;DCN;GPC4;BTG1;P4HA1;MAFF;PLAC8;BCL2;EGFR;S100A4;SLC2A5;TES;CASP6;HK2;ANXA2;TNFAIP3;SDC2;JMJD6;KDM3A;CHST3;P4HA2;GPC3;CP;TIPARP;PGM2;ACKR3;PLAUR;MAP3K1;PLIN2;SELENBP1;KDELR3;IRS2;STC2;AK4;KLF6;DTNA;ADORA2B;TMEM45A;PIM1;PCK1;ERRFI1;RORA;ADM;DUSP1;HMOX1;SAP30;IGFBP3;SRPX;SLC2A1;ZFP36;FOSL2;TPST2;ZNF292;VEGFA;KLHL24;CAV1;PGM1;COL5A1;ATP7A;IL6;CDKN1A;CDKN1B;SDC4;FOXO3;PGF;PFKFB3;FOS;SLC25A1;ANGPTL4;XPNPEP1
HALLMARK_IL2_STAT5_SIGNALING,3.82335163140181e-14,2.12408423966767e-13,0.965327754226083,0.509331240312331,2.38716670905498,188,IL1R2;NFIL3;CST7;MAP3K8;AHNAK;P4HA1;MAFF;CD86;PTGER2;SELL;BCL2;GALM;IRF8;IFNGR1;HK2;PHLDA1;DHRS3;FGL2;IGF1R;NFKBIZ;TNFRSF1B;IKZF2;PNP;SLC1A5;TLR7;WLS;CSF1;MYC;ITGAV;GADD45B;PLIN2;IL4R;SWAP70;IL18R1;IL10RA;PLSCR1;GPR65;KLF6;IFITM3;FLT3LG;MUC1;NCOA3;EMP1;ARL4A;ITGA6;MAPKAPK2;ENPP1;ABCB1;PIM1;CYFIP1;CD48;RORA;BATF;PRKCH;SERPINB6;LRIG1;SMPDL3A;TWSG1;PTCH1;NOP2;IGF2R;CISH;PTH1R;CAPG;CDC6;MXD1;GPR83;SHE;CCND3;RHOH;IL1RL1;SNX9;SPP1;IRF4;AHR;ANXA4;SERPINC1;MYO1C;CD79B;IL10;CD44;BCL2L1;NT5E
HALLMARK_IL6_JAK_STAT3_SIGNALING,8.83685276698067e-17,7.3640439724839e-16,1.05746357275086,0.697345648342651,2.81858672654557,78,IL17RB;TLR2;IL1R2;LEPR;IL2RG;MAP3K8;EBI3;IFNGR1;TNFRSF1B;TGFB1;CD14;TNFRSF1A;CCR1;CSF1;IL13RA1;CSF3R;PIK3R5;CXCL1;OSMR;IL4R;IL18R1;IRF1;SOCS3;IL6ST;CSF2RB;LTBR;IL1R1;PIM1;TNFRSF12A;ACVRL1;HMOX1;CBL;PF4;STAT3;PTPN2;PLA2G2A;PDGFC;FAS;INHBE;CXCL3;MYD88;IL15RA;CXCL13;STAM2;IL6
HALLMARK_INFLAMMATORY_RESPONSE,3.79066208877922e-20,4.73832761097402e-19,1.16017957183021,0.5700058346378,2.67724588833822,190,IL18;TLR2;NFKBIA;SLC7A2;ABCA1;C3AR1;C5AR1;PTGER2;EBI3;SELL;GNAI3;RGS1;EMP3;RELA;CXCL6;PROK2;EDN1;GPR183;FPR1;TNFRSF1B;CD14;MARCO;RIPK2;GPC3;MSR1;CYBB;CSF1;MYC;CSF3R;PIK3R5;HIF1A;TLR1;IFITM1;PLAUR;FFAR2;RNF144B;IL18RAP;NFKB1;OSMR;IL4R;IL18R1;IL7R;IRF7;IL10RA;IRF1;TIMP1;KLF6;NOD2;MMP14;CD40;IL1R1;ADORA2B;CLEC5A;STAB1;ITGB8;IL15;SLAMF1;CD48;ADM;LTA;NAMPT;PTAFR;CCL20;CALCRL;NMI;APLNR;RAF1;TNFAIP6;TACR3;LYN;AQP9;IL15RA;MXD1;LCP2;ABI1;AXL;CCL2;CCL17;TLR3;CD55;LCK;P2RX7;IL6;ITGA5;LAMP3;ICAM1;MEFV;CDKN1A;FZD5;CD69;SRI;AHR;MEP1A;BTG2
HALLMARK_INTERFERON_ALPHA_RESPONSE,1.99072184916364e-07,5.855064262246e-07,0.690132458796796,0.506045405081853,2.11120534664925,93,GMPR;TRIM5;ELF1;CASP1;SELL;TXNIP;RIPK2;IRF2;NUB1;CSF1;IFITM2;IFITM1;CASP8;C1S;IL4R;PNPT1;SAMD9;IRF7;IRF1;PLSCR1;IFITM3;PARP9;CD74;IL15;LPAR6;TAP1;NMI;B2M;SAMD9L;GBP2;MOV10;TRIM21;LAMP3;IFIH1;PSMB8;PARP14;LAP3;PSME1;HLA-C;IRF9;SP110
HALLMARK_INTERFERON_GAMMA_RESPONSE,1.06297066966176e-18,1.06297066966176e-17,1.11466447751729,0.550620925298674,2.60160065480504,195,NFKBIA;CFH;SAMHD1;MT2A;METTL7B;BTG1;CASP4;CD86;CASP1;CASP7;IRF8;VAMP8;LATS2;TNFAIP3;FGL2;HLA-DQA1;FPR1;PNP;HLA-DRB1;TXNIP;RIPK2;IRF2;SPPL2A;VAMP5;IFITM2;MTHFD2;FCGR1A;HIF1A;CASP8;C1S;VCAM1;NFKB1;IL4R;PNPT1;IRF7;IL10RA;IRF1;PLSCR1;PTPN6;SOCS3;IFITM3;C1R;CD40;CSF2RB;CD74;SERPING1;NCOA3;JAK2;ARL4A;IRF5;CFB;PIM1;IL15;P2RY14;SSPN;NAMPT;HLA-DMA;TAP1;SECTM1;STAT3;PTPN2;PELI1;NMI;CIITA;FAS;TNFAIP6;MYD88;B2M;IL15RA;LCP2;PSMA2;SAMD9L;CCL2;TOR1B;ISOC1;TRIM21;DDX58;KLRK1;IL6;ICAM1;CDKN1A;IFIH1;IRF4;PSMB8;CD69;SRI;PARP14;RIPK1;XCL1;LAP3;PSME1;CCL5;HLA-B;NLRC5;IRF9;SP110
HALLMARK_KRAS_SIGNALING_DN,0.144144144144144,0.167609469935051,0.204294756516886,-0.228190142487414,-1.14082897101894,167,NPHS1;CLDN16;P2RX6;KRT5;NOS1;SLC30A3;DLK2;RGS11;KCNQ2;ALOX12B;PDE6B;GPR3;SPTBN2;MAGIX;MYO15A;CLSTN3;UPK3B;IDUA;CCDC106;ARHGDIG;MFSD6;SIDT1;GAMT;MAST3;GDNF;RSAD2;ABCG4;IFI44L;ACTC1;KRT1;FGF22;DTNB;SLC25A23;SNCB;CALCB;RYR2;DCC;SPHK2;CELSR2;PLAG1;YBX2;CACNA1F;STAG3
HALLMARK_KRAS_SIGNALING_UP,2.81570793510349e-12,1.40785396755175e-11,0.898671232061694,0.490892786786635,2.29927655358579,185,MMP9;SLPI;F13A1;CFH;TLR8;IGF2;HOXD11;CXCR4;MPZL2;IL2RG;TMEM100;C3AR1;CAB39L;FCER1G;LCP1;CTSS;IRF8;GYPC;TNFAIP3;LY96;BIRC3;TNFRSF1B;ARG1;ITGB2;LAPTM5;GFPT2;LAT2;G0S2;IKZF1;DOCK2;PRRX1;APOD;CD37;PLAUR;PPBP;MAP3K1;TMEM176A;F2RL1;TMEM176B;KLF4;SOX9;TFPI;IL7R;IL10RA;NIN;EMP1;CFB;ABCB1;GADD45G;SPON1;GNG11;DNMBP;CBL;PDCD1LG2;IGFBP3;CCL20;ALDH1A2;CPE;WDR33;SERPINA3;CBR4;ID2;ZNF639;MTMR10;ADAMDEC1;CLEC4A;MALL;ST6GAL1;SPP1
HALLMARK_MITOTIC_SPINDLE,0.184210526315789,0.204678362573099,0.120433371642259,0.239405144588537,1.13440343146592,196,ARHGAP5;PPP4R2;EZR;BCL2L11;NOTCH2;FGD4;FBXO5;DOCK2;NCK1;CD2AP;ROCK1;PXN;CDC42EP4;FGD6;OPHN1;NIN;SASS6;PDLIM5;MAPRE1;MID1;PCGF5;KATNA1;RICTOR;SOS1;PALLD;LATS1;STK38L;NEDD9;TUBD1;ARHGAP29;ARHGAP10;UXT;SMC3;ABI1;KIF5B;MID1IP1;WASF2;ARHGEF12;KIF15;BRCA2;SMC4;TOP2A;CNTRL
HALLMARK_MTORC1_SIGNALING,0.00253365289880223,0.00469194981259671,0.431707695803346,0.32371306051897,1.52949528708571,195,DDIT4;NFIL3;CCNG1;SLA;UNG;CXCR4;PLOD2;P4HA1;NUPR1;MTHFD2L;TES;HK2;FGL2;PNP;SLC1A5;IFRD1;ITGB2;CTSC;RIT1;DAPP1;MTHFD2;SLC7A11;LTA4H;IDH1;SERPINH1;PSAT1;AK4;PSPH;IGFBP5;HSPD1;ADD3;SERP1;TCEA1;STIP1;NAMPT;HSPE1;SSR1;SLC2A1;NUP205;SEC11A;EGLN3;UBE2D3;PRDX1;PGM1;TBK1;ADIPOR2;CDKN1A
HALLMARK_MYC_TARGETS_V1,0.114705882352941,0.139885222381636,0.157402899305283,0.250170453990803,1.18125326522337,194,G3BP1;CDK2;GSPT1;XPO1;IFRD1;CCNA2;MYC;DEK;PCNA;CNBP;HSPD1;HNRNPC;HDGF;HNRNPA2B1;HSPE1;STARD7;DHX15;SRSF1;RFC4;BUB3;PABPC1;SYNCRIP;PCBP1;NCBP2;PSMA2;TARDBP;SNRPG;SRSF7;XPOT;DDX21;USP1;SERBP1;PRDX3;NAP1L1;RPL14;SNRPA;HNRNPD;HDAC2;CUL1;RPS3;RPL6;RPL22;UBA2;CCT5;CCT3;RPS6;PTGES3;CDC45;RPL34;MCM5;SRSF3;TCP1;FBL;SSB;NCBP1;HNRNPR
HALLMARK_MYC_TARGETS_V2,0.00342662392087129,0.00611897128727017,0.431707695803346,-0.408167415211186,-1.6784130695893,58,BYSL;DCTPP1;MRTO4;LAS1L;IMP4;RABEPK;FARSA;EXOSC5;PPAN;MCM4;DUSP2;NOC4L;RRP12;GRWD1;MYBBP1A;PLK4;SRM;RRP9;AIMP2;SLC29A2
HALLMARK_MYOGENESIS,0.0120795052673114,0.0177639783342815,0.380730400722792,0.298770009351389,1.40712692847667,193,KLF5;TPD52L1;MRAS;WWTR1;LAMA2;FGF2;SMTN;LPIN1;PDE4DIP;TGFB1;IFRD1;RIT1;GADD45B;RB1;APOD;SPARC;CLU;CNN3;ADAM12;COL1A1;COL6A3;STC2;HSPB8;CFD;ITGB5;ITGB4;DTNA;SORBS1;SGCD;MYH7;MYBPH;AEBP1;SSPN;CTF1;TCAP;IGFBP3;CAV3;APLNR;HSPB2;TEAD4;CKM;COL6A2;DMD;ITGB1;TNNI1;TNNC1;MYLPF;AK1
HALLMARK_NOTCH_SIGNALING,0.00502339233326543,0.00866102126425074,0.407017918923954,0.503851071734142,1.71545826853383,32,MAML2;NOTCH2;FZD1;FZD7;HES1;SAP30;WNT5A;DLL1;DTX2;TCF7L2;JAG1;FZD5;LFNG;CUL1;HEYL;NOTCH1;PRKCA
HALLMARK_OXIDATIVE_PHOSPHORYLATION,0.00162835950753661,0.00325671901507322,0.45505986738723,-0.291536245897332,-1.48213481368186,183,MFN2;IMMT;TIMM10;ATP6AP1;COX10;SLC25A11;SLC25A3;COX15;COX5A;RETSAT;NDUFV1;ATP6V1E1;MRPL15;LRPPRC;CYC1;SLC25A5;TIMM13;PHB2;GPI;ATP6V0C;COX7A2;MTX2;TIMM50;COX8A;NDUFB2;NDUFA9;TIMM8B;IDH2;ATP1B1;OPA1;UQCRC1;NDUFS1;COX6A1;VDAC1;OGDH;FXN;MDH2;GOT2;MDH1;TIMM17A;AFG3L2;UQCRH;NDUFA4;ATP6V1F;ACO2;ATP6V0B;RHOT2;IDH3G;NDUFS4;ATP6V1D;UQCRC2;COX11;NDUFA5;MGST3;LDHA;ETFB;MRPS30;IDH3A;ACADSB;COX7A2L;MRPS11;SUCLA2;OXA1L;ACAA1;FH;NDUFB3;NDUFB7;ATP6V1C1;UQCRQ;HTRA2;CYB5R3;NDUFA3;UQCR10;NQO2;PDHA1;MRPS12;SDHA;COX4I1;NDUFAB1;NDUFS6;NDUFC2;POLR2F;NDUFA2;NDUFS3;NDUFA1;PDHB;SDHC;COX7B;ECHS1;NDUFA6;CS;COX6C;NDUFS2;NDUFS7;OAT;DLD;GPX4
HALLMARK_P53_PATHWAY,1.00625301241785e-10,4.57387732917205e-10,0.839088935621274,0.472237573194589,2.21804063103566,190,DDIT4;SESN1;ALOX15B;CCNG1;TPD52L1;ZFP36L1;BTG1;CASP1;NUPR1;PERP;S100A4;RHBDF2;VAMP8;STOM;TOB1;S100A10;SP1;EPHA2;F2R;TGFB1;SLC3A2;TXNIP;DRAM1;CDKN2B;TP63;RB1;SLC7A11;CDKN2AIP;PCNA;KLF4;NOL8;TM4SF1;SERTAD3;EPHX1;MKNK2;PPM1D;ABHD4;ITGB4;RPS27L;INHBB;RXRA;SAT1;HMOX1;TAP1;CGRRF1;IP6K2;APAF1;FAS;CDKN2A;MXD1;NINJ1;TNNI1;HEXIM1;CCND3;AK1;DEF6;CDKN1A;STEAP3;FOXO3;PITPNC1;ERCC5;FOS;TAX1BP3;SLC19A2;SEC61A1;TSC22D1;DDB2;BTG2
HALLMARK_PANCREAS_BETA_CELLS,0.255357142857143,0.271656534954407,0.111918316325105,0.337157875238409,1.15527053653972,33,PDX1;FOXO1;ELP4;NKX6-1;PAX6;NEUROG3;SRP14;SCGN;SEC11A
HALLMARK_PEROXISOME,0.00689871255036028,0.0107792383599379,0.407017918923954,0.346953454479453,1.48214023906137,102,CRABP1;HSD11B2;DHRS3;IDE;CAT;ECI2;SIAH1;IDH1;HSD17B4;CRABP2;CNBP;PEX11A;SEMA3C;ACSL5;PEX2;ABCB1;BCL10;PABPC1;ALDH9A1;CADM1;HSD17B11;HSD3B7;TSPO;ISOC1;PRDX1;SCP2;RXRG;ESR2;TOP2A;ELOVL5;ABCD3;DIO1;SLC27A2;NUDT19;TTR;ABCB4;PEX13
HALLMARK_PI3K_AKT_MTOR_SIGNALING,0.00213829122997765,0.00411209851918779,0.431707695803346,0.37310803395362,1.59386921646138,102,PITX2;SLA;CXCR4;IL2RG;CDK2;CAB39L;ATF1;EGFR;TNFRSF1A;RIT1;DAPP1;PPP2R1B;NCK1;MKNK2;MAP3K7;ITPR2;SMAD2;SLC2A1;RAF1;IRAK4;MYD88;VAV3;GNA14;UBE2D3;PIKFYVE;LCK;TBK1;CDKN1A;CDKN1B;FGF17;FASLG;PLCG1
HALLMARK_PROTEIN_SECRETION,0.00911098875262377,0.0138045284130663,0.380730400722792,0.358205374893728,1.49858509744387,94,ABCA1;SNAP23;EGFR;TMX1;ARFGAP3;RAB9A;CTSC;CLN5;LMAN1;KRT18;TMED10;SNX2;YIPF6;SSPN;SGMS1;COPB1;CAV2;ARFIP1;IGF2R;COG2;GOLGA4;ATP7A;AP3B1;CD63
HALLMARK_REACTIVE_OXYGEN_SPECIES_PATHWAY,0.695422535211268,0.709614831848232,0.0565299525056311,0.234554038049589,0.86683253781104,47,CAT;MGST1;PDLIM1;HHEX;SBNO2;PRDX6;FES;PRDX1;JUNB;SCAF4;TXNRD1;OXSR1;PFKP;GPX3;NQO1;LSP1;GCLM;NDUFB4
HALLMARK_SPERMATOGENESIS,0.578212290502793,0.602304469273743,0.0894366833718621,-0.200043207925957,-0.943568735289429,116,PCSK1N;NOS1;CFTR;SCG5;CCT6B;IL12RB2;NEK2;PHF7;CDKN3;ODF1;CHRM4;GRM8;TCP11;CAMK4;OAZ3;ACE;CHFR;ADCYAP1;PSMG1;DCC;YBX2;PEBP1;TSN;GSG1;NEFH;PIAS2;SNAP91;NPY5R;CLPB;MAST2;CCNA1;IP6K1;SCG3;MTNR1A
HALLMARK_TGF_BETA_SIGNALING,0.000269169165615423,0.000585150360033528,0.49849310876659,0.495209729630774,1.89897112713276,54,ID3;TGIF1;BMPR1A;WWTR1;TGFB1;BCAR3;SMAD6;ID1;HDAC1;RAB31;MAP3K7;TGFBR1;SKIL;LTBP2;SMURF2;UBE2D3;ID2;NOG;JUNB;RHOA;CDH1;SMAD7;ACVR1
HALLMARK_TNFA_SIGNALING_VIA_NFKB,1.41833141848843e-21,3.54582854622108e-20,1.20397524075264,0.57513814003132,2.70874699300971,193,IL18;PNRC1;TLR2;NFKBIA;BCL6;ABCA1;NFIL3;TRIP10;GEM;MAP3K8;BTG1;MAFF;TGIF1;RELA;CEBPD;CXCL6;EDN1;PHLDA1;TNFAIP3;GPR183;NFE2L2;BIRC3;SGK1;TNFAIP8;BCL2A1;PLEK;GFPT2;G0S2;RIPK2;CSF1;DRAM1;MYC;TIPARP;NFKB2;GADD45B;ACKR3;PLAUR;CXCL1;NFKB1;F2RL1;KLF4;IL7R;IRS2;IRF1;B4GALT1;KLF6;SOCS3;IL6ST;CEBPB;ZBTB10;STAT5A;PDLIM5;DNAJB4;CCNL1;MCL1;ZC3H12A;TANK;HES1;SAT1;DUSP1;KYNU;NAMPT;TAP1;BIRC2;CCL20;TNIP2;ZFP36;FOSL2;CXCL3;PER1;TNFAIP6;IL15RA;MXD1;NINJ1;CCL2;ID2;VEGFA;DDX58;CLCF1;IL6;SIK1;JAG1;ICAM1;CDKN1A;SDC4;CXCL2;BCL3;CFLAR;IFIH1;JUNB;PFKFB3;FOS;CD69;BTG3;TSC22D1;BTG2
HALLMARK_UNFOLDED_PROTEIN_RESPONSE,0.06875,0.0924492604059168,0.213927855492356,0.303591767914118,1.30491831332311,107,DDIT4;BAG3;HERPUD1;CEBPG;MTHFD2;DNAJC3;CNOT4;CNOT6;KDELR3;PSAT1;STC2;WFS1;CEBPB;SERP1;NABP1;FKBP14;SSR1;PAIP1;EIF4EBP1;SEC11A;CNOT2;KIF5B;CCL2;VEGFA;XPOT;EIF2AK3;CKS1B;DCP1A;SLC30A5;ATF4;BANF1;XBP1;LSM1;SHC1;DCP2;DKC1;HSP90B1;IFIT1
HALLMARK_UV_RESPONSE_DN,6.58698855344675e-08,2.05843392295211e-07,0.704975715167238,0.457255473922892,2.06763485417789,138,TGFBR3;MT1E;RUNX1;GJA1;PTGFR;BMPR1A;COL1A2;ANXA2;SDC2;IGF1R;NIPBL;FZD2;MIOS;NOTCH2;MYC;TGFBR2;PTPN21;NFKB1;MRPS31;PDGFRB;TFPI;COL1A1;FYN;ID1;DAB2;IGFBP5;PDLIM5;ADORA2B;ADD3;SPOP;RXRA;INPP4B;DUSP1;FBLN5;ERBB2;COL11A1;SNAI2;EFEMP1;BCKDHB;CAV1;MAPK14;LAMC1;CDKN1B;NFIB;IRS1;COL3A1;NR1D2;SRI;RND3;ANXA4;PHF3;SMAD7;RASA2;NEK7;SLC7A1
HALLMARK_UV_RESPONSE_UP,0.000465811261369988,0.000970440127854142,0.49849310876659,0.369060421224023,1.68309257181236,154,SHOX2;NFKBIA;NKX2-5;BTG1;CDK2;MSX1;SPR;BCL2L11;PPAT;DNAJB1;SLC6A12;COL2A1;E2F5;CEBPG;CDKN2B;HYAL2;TMBIM6;IRF1;IL6ST;EPHX1;MMP14;MGAT1;ABCB1;STIP1;HMOX1;RAB27A;TAP1;MAOA;RFC4;TACR3;LYN;LHX2;FMO1;STARD3;GAL;IL6;CCND3;NXF1;ICAM1;DDX21;CXCL2;BID;JUNB;FOS;POLR2H;BTG3;CDO1;BTG2;FKBP4;AMD1;AQP3
HALLMARK_WNT_BETA_CATENIN_SIGNALING,0.0979020979020979,0.122377622377622,0.188204146308491,0.369748738634834,1.33284624708793,42,WNT6;MYC;FZD1;DLL1;PTCH1;LEF1;DKK1;NUMB;JAG1;AXIN2;FZD8;SKP2;NOTCH4;WNT5B;HEY2;HDAC2;CUL1;NOTCH1;FRAT1;TCF7;RBPJ
HALLMARK_XENOBIOTIC_METABOLISM,5.15048654993068e-07,1.35539119735018e-06,0.659444398037935,0.415082489242431,1.94419119817699,185,VNN1;MT2A;FBLN1;ATOH8;AOX1;ADH1C;AKR1C2;IRF8;CASP6;PDK4;F10;EPHA2;TGFB2;SLC6A12;ARG1;SMOX;SLC1A5;TNFRSF1A;PROS1;ACOX2;CAT;ABCC2;TMBIM6;PAPSS2;SLC46A3;IDH1;AKR1C3;TMEM176B;SERTAD1;EPHX1;LEAP2;PDLIM5;IL1R1;CDA;ACSM1;CES1;CFB;KYNU;HMOX1;MAOA;UGDH;PTGDS;FAS;ALDH2;ALDH9A1;CYP2J2;MAN1A1;AQP9;NINJ1;FMO3;FMO1;ID2;TTPA;ADH5;UPB1;ENPEP;DHRS7;GSTM4;DDAH2;ETFDH;ARG2;F11;SLC12A4;CDO1;ELOVL5
